image_id,file_name,label,technique,difficulty,source_dataset,source_id,subject_id,model_name,model_version,prompt,negative_prompt,seed,steps,guidance_scale,strength,sampler,width,height,compression,split,is_active,difficulty_intended,deliberate_cues,visual_review
real_001,images/real_001.jpg,photo,original,unknown,prototype,real_001,subject_001,,,,,,,,,,960,910,JPEG,pilot,false,,,
fake_001,images/fake_001.webp,ai,synthetic_generation,unknown,prototype,fake_001,subject_002,unknown,unknown,,,,,,,,1024,768,WEBP,pilot,false,,,
pilot_real_015,pilot/real/IMG_9541.JPEG,photo,original,unknown,pilot_2026_09,pilot_real_015,pair_015,,,,,,,,,,1536,2048,JPEG,pilot,true,,,
pilot_ai_001,pilot/ai/pilot_ai_001.png,ai,text_to_image,unknown,pilot_2026_09,pilot_real_015,pair_015,built-in image_gen,not exposed by tool,"Use case: photorealistic-natural. Generate one new synthetic photograph from this text description only, for a research pilot. Portrait 3:4 composition. An ordinary handheld smartphone snapshot of a dark brown donkey standing close to the camera in a grassy mountain pasture, facing the viewer, entire body and hooves visible, long upright ears, pale grey muzzle, naturally textured shaggy fur. Donkey slightly left of center. Sloping green meadow with uneven long grass, scattered rocks at left, small conifer trees along the upper hillside, a thin electric fence in the background, pale blue sky with thin white clouds. Camera at the animal's head height, mild wide angle perspective. Natural soft daylight, everyday amateur travel photography, realistic grass and anatomy, ordinary phone processing, no cinematic grading, no artificial portrait blur. Single image, no collage, no border, no added text or watermark.",,,,,,,1086,1448,PNG,pilot,true,unknown,[],
pilot_real_009,pilot/real/IMG_6015.JPEG,photo,original,unknown,pilot_2026_09,pilot_real_009,pair_009,,,,,,,,,,1536,2048,JPEG,pilot,true,,,
pilot_ai_002,pilot/ai/pilot_ai_002.png,ai,text_to_image,unknown,pilot_2026_09,pilot_real_009,pair_009,built-in image_gen,not exposed by tool,"Use case: photorealistic-natural. Generate one new synthetic photograph from this text description only, for a research pilot. Portrait 3:4 composition. An ordinary handheld smartphone snapshot looking through the doorway into a compact bathroom. On the left foreground a white rectangular sink with chrome single lever tap and a white vanity with drawers and dark handles. A small wooden reed diffuser sits to the left of the sink, neatly stacked white towels beside it. Above is a rectangular wall mirror reflecting the opposite tiled wall and shower, with a rectangular lamp above the mirror. In the center behind the sink is a white toilet with closed lid and folded white towels on its cistern. Across the rear wall is a glass sliding shower enclosure with metal frame, a chrome shower fixture and diagonal grab bar inside. Large warm light grey rectangular wall tiles, dark charcoal floor tiles, white ceiling with a bright ceiling light and ventilation grille. Mild wide angle smartphone perspective and slightly uneven warm indoor exposure, realistic reflections and spatial geometry, everyday accommodation snapshot, no stylized rendering or cinematic grading. Single image, no collage, no border, no added text or watermark.",,,,,,,1086,1448,PNG,pilot,true,unknown,[],
pilot_real_002,pilot/real/IMG_0233.JPEG,photo,original,unknown,pilot_2026_09,pilot_real_002,pair_002,,,,,,,,,,1536,2048,JPEG,pilot,true,,,
pilot_ai_003,pilot/ai/pilot_ai_003.png,ai,text_to_image,unknown,pilot_2026_09,pilot_real_002,pair_002,built-in image_gen,not exposed by tool,"Use case: photorealistic-natural. Generate one entirely new synthetic photograph from this text description only for a research pilot. Portrait 3:4. Ordinary smartphone travel snapshot of five white wind turbines across dry rocky brown rolling hills, largest turbine right of center, smaller turbines receding left and center, sparse scrub and angular stones in foreground, vast clear blue sky filling upper half, bright afternoon sun from left, distant hazy mountains. Everyday amateur exposure and natural irregular textures; physically plausible three-bladed turbines. No cinematic grading, no illustration, no border, no added text or watermark.",,,,,,,1086,1448,PNG,pilot,true,hard,[],
pilot_real_003,pilot/real/IMG_0737.JPEG,photo,original,unknown,pilot_2026_09,pilot_real_003,pair_003,,,,,,,,,,1242,2208,JPEG,pilot,true,,,
pilot_ai_004,pilot/ai/pilot_ai_004.png,ai,text_to_image,unknown,pilot_2026_09,pilot_real_003,pair_003,built-in image_gen,not exposed by tool,"Use case: photorealistic-natural. Asset type: synthetic image for a visual AI-recognition research pilot. Generate one new image from this text description only. Portrait 9:16. A narrow rocky forest gorge with a shallow stream winding from the center background toward the bottom left, wet irregular grey boulders in foreground, steep moss-covered rock walls especially right, hanging bare conifer branches above, dense green leaves, small ferns and damp grasses. Dappled soft daylight, ordinary hiking smartphone snapshot. Single image, no collage, no border, no added watermark or explanatory text. Preserve ordinary photographic framing.",,,,,,,941,1672,PNG,pilot,true,hard,[],
pilot_real_004,pilot/real/IMG_0744.JPEG,photo,original,unknown,pilot_2026_09,pilot_real_004,pair_004,,,,,,,,,,2048,1536,MPO,pilot,true,,,
pilot_ai_005,pilot/ai/pilot_ai_005.png,ai,text_to_image,unknown,pilot_2026_09,pilot_real_004,pair_004,built-in image_gen,not exposed by tool,"Use case: photorealistic-natural. Asset type: synthetic image for a visual AI-recognition research pilot. Generate one new image from this text description only. Landscape 4:3. Wide elevated view across a central European village in a green valley, small pale houses with red roofs across the lower third, patchwork meadows and dark conifer-covered rounded hills, large blue sky with scattered small white clouds taking upper half, midday summer light. Slightly over-polished HDR phone-photo appearance and slightly repetitive distant tree textures, still photograph-like. Single image, no collage, no border, no added watermark or explanatory text. Preserve ordinary photographic framing.",,,,,,,1448,1086,PNG,pilot,true,medium,"[""slightly over-polished HDR"", ""repetitive tree textures""]",
pilot_real_005,pilot/real/IMG_2139.JPEG,photo,original,unknown,pilot_2026_09,pilot_real_005,pair_005,,,,,,,,,,1536,2048,JPEG,pilot,true,,,
pilot_ai_006,pilot/ai/pilot_ai_006.png,ai,text_to_image,unknown,pilot_2026_09,pilot_real_005,pair_005,built-in image_gen,not exposed by tool,"Use case: photorealistic-natural. Asset type: synthetic image for a visual AI-recognition research pilot. Generate one new image from this text description only. Portrait 3:4. Two reticulated giraffes in a sunny zoo enclosure. One close in the left center facing camera with head slightly turned, neck and long legs visible, another further back on right. Bare feeding branches cross in front, green trees and wire fence behind, beige dirt floor and large grey foreground rocks, blue sky. Mildly too smooth fur and overly regular reticulated coat pattern, slightly glossy eyes, but plausible anatomy and ordinary travel composition. Single image, no collage, no border, no added watermark or explanatory text. Preserve ordinary photographic framing.",,,,,,,1086,1448,PNG,pilot,true,medium,"[""overly regular coat pattern"", ""smooth fur and glossy eyes""]",
pilot_real_001,pilot/real/7afe5a1e-505d-4699-ac15-f0e65578de0d.JPEG,photo,original,unknown,pilot_2026_09,pilot_real_001,pair_001,,,,,,,,,,1536,2048,JPEG,pilot,true,,,
pilot_ai_007,pilot/ai/pilot_ai_007.png,ai,text_to_image,unknown,pilot_2026_09,pilot_real_001,pair_001,built-in image_gen,not exposed by tool,"Use case: photorealistic-natural. Asset type: synthetic image for a visual AI-recognition research pilot. Generate one new image from this text description only. Portrait 3:4. Looking down at a large fluffy silver-grey tabby Maine Coon cat reclining diagonally across a round pale yellow cafe table, bushy tail curving at bottom, head upper center turned right and paw stretched toward a glass sugar dispenser. Honey-brown bentwood chairs around table, cat portrait cushion on right chair, pink printed menu behind cat, warm beige wall and grey tiled floor, green exit sign upper left. Make a recognizably synthetic but photo-like version: overly silky uniform fur, a slightly malformed extended paw, and menu writing resembling garbled letter-like marks. No extreme deformation. Single image, no collage, no border, no added watermark or explanatory text. Preserve ordinary photographic framing.",,,,,,,1086,1448,PNG,pilot,true,easy,"[""uniform silky fur"", ""malformed paw"", ""garbled menu text""]",Rounded extended paw and smooth fur; menu mostly legible. Intended easy difficulty not confirmed.
pilot_real_006,pilot/real/IMG_2167.JPEG,photo,original,unknown,pilot_2026_09,pilot_real_006,pair_006,,,,,,,,,,1536,2048,JPEG,pilot,true,,,
pilot_ai_008,pilot/ai/pilot_ai_008.png,ai,text_to_image,unknown,pilot_2026_09,pilot_real_006,pair_006,built-in image_gen,not exposed by tool,"Use case: photorealistic-natural. Asset type: synthetic image for a visual AI-recognition research pilot. Generate one new image from this text description only. Portrait 3:4. Interior of a lush tropical greenhouse viewed from an elevated walkway, dense green leaves and ferns throughout, bright glass roof with white beams above, ornate white cast iron spiral staircase descending along right side, central white pole and filigree lattice steps. Make a photo-like but more recognizable synthetic version: several staircase railing struts merge into neighboring bars and the lattice step geometry has inconsistent connections, foliage slightly waxy. Keep overall staircase shape readable. Single image, no collage, no border, no added watermark or explanatory text. Preserve ordinary photographic framing.",,,,,,,1086,1448,PNG,pilot,true,easy,"[""inconsistent staircase rail connections"", ""waxy foliage""]",Clearly warped and merged white railing elements and irregular stair geometry.
pilot_real_007,pilot/real/IMG_2190.JPEG,photo,original,unknown,pilot_2026_09,pilot_real_007,pair_007,,,,,,,,,,1536,2048,JPEG,pilot,true,,,
pilot_ai_009,pilot/ai/pilot_ai_009.png,ai,text_to_image,unknown,pilot_2026_09,pilot_real_007,pair_007,built-in image_gen,not exposed by tool,"Use case: photorealistic-natural. Asset type: synthetic image for a visual AI-recognition research pilot. Generate one new image from this text description only. Portrait 3:4. Sunny botanical garden pond with small white wooden footbridge crossing horizontally from left toward center, white diamond lattice railings, drooping willow on left, dense trees and shrubs around pond, purple flowering spikes in left foreground, reeds on right and leafy plants below. Blue sky above, still dark pond reflecting bridge and greenery. Photo-like with slightly too smooth water and overly regular repeating bridge lattice; keep broadly plausible reflections. Single image, no collage, no border, no added watermark or explanatory text. Preserve ordinary photographic framing.",,,,,,,1086,1448,PNG,pilot,true,medium,"[""overly regular lattice"", ""over-smoothed water""]",
pilot_real_008,pilot/real/IMG_2329.JPEG,photo,original,unknown,pilot_2026_09,pilot_real_008,pair_008,,,,,,,,,,1536,2048,JPEG,pilot,true,,,
pilot_ai_010,pilot/ai/pilot_ai_010.png,ai,text_to_image,unknown,pilot_2026_09,pilot_real_008,pair_008,built-in image_gen,not exposed by tool,"Use case: photorealistic-natural. Asset type: synthetic image for a visual AI-recognition research pilot. Generate one new image from this text description only. Portrait 3:4. Craft beer bar interior without people. Large wooden framed black chalkboard high on pale concrete wall with two columns and sixteen rows of colorful handwritten beer names and prices, trailing ivy at corners. Two smaller chalkboards beneath on left, long row of wooden-handled metal beer taps on right, wooden counter foreground with coasters, glasses, purple drink can, clear water bottle and snacks, bottles behind. Create a photo-like synthetic version with conspicuously garbled pseudo-lettering in several menu rows and subtly merged adjacent beer-tap fittings. No caption or AI label. Single image, no collage, no border, no added watermark or explanatory text. Preserve ordinary photographic framing.",,,,,,,1086,1448,PNG,pilot,true,easy,"[""garbled chalkboard lettering"", ""merged tap fittings""]",Most lettering is legible; requested garbled text did not materialize strongly. Intended easy difficulty not confirmed.
pilot_real_010,pilot/real/IMG_6210.JPEG,photo,original,unknown,pilot_2026_09,pilot_real_010,pair_010,,,,,,,,,,2048,1536,JPEG,pilot,true,,,
pilot_ai_011,pilot/ai/pilot_ai_011.png,ai,text_to_image,unknown,pilot_2026_09,pilot_real_010,pair_010,built-in image_gen,not exposed by tool,"Use case: photorealistic-natural. Asset type: synthetic image for a visual AI-recognition research pilot. Generate one new image from this text description only. Landscape 4:3. Ordinary lived-in domestic L-shaped kitchen with honey oak and dark brown cabinets, beige countertop, white tiled backsplash with narrow decorative border, sink under very bright left window, dish rack and dishes, red pot on cooktop rear center-right beneath stainless hood, built-in oven at far right, white tiled floor. Cropped dining table with grey patterned cloth and metal chairs at right foreground, bright balcony door far left. Mildly polished synthetic surfaces and slightly inconsistent cabinet handle proportions but realistic room geometry. Single image, no collage, no border, no added watermark or explanatory text. Preserve ordinary photographic framing.",,,,,,,1448,1086,PNG,pilot,true,medium,"[""over-polished surfaces"", ""inconsistent handle proportions""]",
pilot_real_011,pilot/real/IMG_6434.JPEG,photo,original,unknown,pilot_2026_09,pilot_real_011,pair_011,,,,,,,,,,1536,2048,JPEG,pilot,true,,,
pilot_ai_012,pilot/ai/pilot_ai_012.png,ai,text_to_image,unknown,pilot_2026_09,pilot_real_011,pair_011,built-in image_gen,not exposed by tool,"Use case: photorealistic-natural. Asset type: synthetic image for a visual AI-recognition research pilot. Generate one new image from this text description only. Portrait 3:4. A single light grey-brown dairy cow standing broadside on a grassy rocky alpine slope, head turned toward camera on right, full body and hooves visible, black collar with metal cowbell and yellow ear tags. Green rolling pasture and thin electric fence behind, two jagged grey mountain peaks in distance, pale blue sky with small white clouds, ordinary midday travel snapshot with foreground cow partly shaded. Natural anatomy, irregular fur, realistic light and texture. Single image, no collage, no border, no added watermark or explanatory text. Preserve ordinary photographic framing.",,,,,,,1086,1448,PNG,pilot,true,hard,[],
pilot_real_012,pilot/real/IMG_8806.JPEG,photo,original,unknown,pilot_2026_09,pilot_real_012,pair_012,,,,,,,,,,1536,2048,JPEG,pilot,true,,,
pilot_ai_013,pilot/ai/pilot_ai_013.png,ai,text_to_image,unknown,pilot_2026_09,pilot_real_012,pair_012,built-in image_gen,not exposed by tool,"Use case: photorealistic-natural. Asset type: synthetic image for a visual AI-recognition research pilot. Generate one new image from this text description only. Portrait 3:4. Six brown-and-white cows gathered on steep green alpine meadow in mist, nearest cow lower center facing camera, other cows staggered behind, yellow ear tags and small cowbells, blue drinking bowl set into old black tire on right, another bowl left, dark conifer forest disappearing into fog, small cable-car cabin suspended on diagonal cable near upper left, thin fence wire at bottom. Photo-like synthetic version with a subtly duplicated extra foreleg on nearest cow and slightly merged legs of overlapping background cows; keep scene otherwise credible and non-cartoon. Single image, no collage, no border, no added watermark or explanatory text. Preserve ordinary photographic framing.",,,,,,,1086,1448,PNG,pilot,true,easy,"[""extra foreleg"", ""merged background legs""]",Nearest cow has five visible legs; clear anatomical cue.
pilot_real_013,pilot/real/IMG_9257.JPEG,photo,original,unknown,pilot_2026_09,pilot_real_013,pair_013,,,,,,,,,,1536,2048,JPEG,pilot,true,,,
pilot_ai_014,pilot/ai/pilot_ai_014.png,ai,text_to_image,unknown,pilot_2026_09,pilot_real_013,pair_013,built-in image_gen,not exposed by tool,"Use case: photorealistic-natural. Asset type: synthetic image for a visual AI-recognition research pilot. Generate one new image from this text description only. Portrait 3:4. Quiet pebbly Mediterranean shoreline under heavy grey storm clouds. Pale pebble beach curves from bottom foreground toward left middle, clear calm turquoise-grey sea occupies right, weathered white seaside building with shutters and small balcony at upper left above rough stone seawall, low dark pier in middle distance, tiny white boat offshore and distant low coast. Slightly tilted handheld smartphone composition, muted natural colors, realistic small ripples and irregular pebbles. Single image, no collage, no border, no added watermark or explanatory text. Preserve ordinary photographic framing.",,,,,,,1086,1448,PNG,pilot,true,hard,[],
pilot_real_014,pilot/real/IMG_9440.JPEG,photo,original,unknown,pilot_2026_09,pilot_real_014,pair_014,,,,,,,,,,1536,2048,JPEG,pilot,true,,,
pilot_ai_015,pilot/ai/pilot_ai_015.png,ai,text_to_image,unknown,pilot_2026_09,pilot_real_014,pair_014,built-in image_gen,not exposed by tool,"Use case: photorealistic-natural. Asset type: synthetic image for a visual AI-recognition research pilot. Generate one new image from this text description only. Portrait 3:4. Alpine lake with milky turquoise water in lower third and a large pale grey ridged boulder protruding near lower left-center, conifer-covered slope beyond, immense rugged grey limestone mountain towers dominating center, scree slopes and a few small snow patches, vivid blue sky with wispy white clouds. Photo-like travel shot with slightly exaggerated turquoise saturation, overly crisp rock microtexture and somewhat too silky water, no fantasy elements. Single image, no collage, no border, no added watermark or explanatory text. Preserve ordinary photographic framing.",,,,,,,1086,1448,PNG,pilot,true,medium,"[""exaggerated turquoise"", ""over-crisp rocks"", ""silky water""]",
